node_id,node_name,description
Binance_USD(BUSD),Binance USD (BUSD),"A stablecoin pegged to the US dollar, issued by Binance."
Bitcoin(BTC),Bitcoin (BTC),The first and most well-known cryptocurrency.
Ethereum(ETH),Ethereum (ETH),A decentralized platform that runs smart contracts.
XRP(XRP),XRP (XRP),A digital asset designed for payments.
BNB(BNB),BNB (BNB),Cryptocurrency of the Binance platform.
Tokens,Tokens,Digital or virtual assets that use cryptography for security.
Stablecoins,Stablecoins,Cryptocurrencies designed to minimize price volatility.
Defi,DeFi,"Decentralized Financial services, excluding central intermediaries."
Yield_Farming,Yield Farming,Investment strategy for earning rewards from cryptocurrency holdings.
Governance,Governance,Mechanisms for managing and implementing changes in decentralized systems.
Smart_Contratcs,Smart Contracts,"Programs that run exactly as programmed without any possibility of downtime, fraud or third party interference."
Lending_and_Borrowing,Lending and Borrowing,Services that allow users to lend or borrow cryptocurrency.
Decentralized_Exchanges_(DEX),Decentralized Exchanges (DEX),Platforms for trading cryptocurrencies without a central authority.
Off-chain/On-chain_Hybrid_DEXs,Off-chain/On-chain Hybrid DEXs,Exchanges that combine decentralized and centralized features.
Cross-Chain-DEXs,Cross-Chain DEXs,DEXs that allow trading assets across different blockchain networks.
Order_Book_Based_DEXs,Order Book Based DEXs,DEXs that use an order book to match buyers and sellers.
Peer-to-Peer_(P2P)_DEXs,Peer-to-Peer (P2P) DEXs,DEXs where trades occur directly between users (peer-to-peer).
Automated_Market_Makers_(AMMs),Automated Market Makers (AMMs),Decentralized entities used for pricing assets in a liquidity pool.
Liquidity_Protocol_DEXs,Liquidity Protocol DEXs,DEXs that provide liquidity to traders and earn fees in return.
Layer-2_DEXs,Layer-2 DEXs,Secondary blockchain layers designed to scale transactions.
Uniswap,Uniswap,A popular decentralized exchange for swapping Ethereum-based tokens.
SushiSwap,SushiSwap,"A decentralized exchange that allows users to swap, earn, and stack yields."
PancakeSwap,PancakeSwap,A decentralized exchange known for its automated market-making.
Aave,Aave,A decentralized lending platform on Ethereum.
Compound,Compound,A decentralized finance platform that allows users to earn interest on lending and borrowing cryptocurrencies.
Cardano,Cardano,A blockchain platform for building decentralized applications.
Solana,Solana,A high-throughput blockchain for decentralized applications and cryptocurrencies.
Ethereum,Ethereum,"A decentralized platform, often used to refer to the Ethereum network."
USD_Coin(USDC),USD Coin (USDC),"A stablecoin pegged to the US dollar, managed by Circle and Coinbase."
Dai(DAI),Dai (DAI),A stablecoin that aims to keep its value as close to one US dollar as possible.
usdt,USD Tether (USDT),"A stablecoin pegged to the US dollar, widely used in the cryptocurrency market."
defiPrice,Defi Price,A service or index tracking the prices of various DeFi tokens.
Defidate,Defi Date,A service or index tracking the date of various tokens related to DeFi.